{
  "timeZone": "America/Mexico_City",
  "dependencies": {
    "enabledAdvancedServices": [
      {
        "userSymbol": "Drive",
        "serviceId": "drive",
        "version": "v2"
      }
    ]
  },
  "exceptionLogging": "STACKDRIVER",
  "runtimeVersion": "V8",
  "webapp": {
    "executeAs": "USER_DEPLOYING",
    "access": "ANYONE_ANONYMOUS"
  },
  "oauthScopes": [
    "https://www.googleapis.com/auth/drive",
    "https://www.googleapis.com/auth/documents",
    "https://www.googleapis.com/auth/spreadsheets",
    "https://www.googleapis.com/auth/script.external_request"
  ]
}
