{
  "Config_Empresas": [
    {
      "id_empresa": "EVASOL",
      "nomempresa": "Grupo EVASOL",
      "telefonoWhatsapp": "528110463721",
      "slogan": "Energía limpia para un futuro sostenible",
      "mision": "Diseñar y proporcionar soluciones innovadoras y estratégicas que optimicen el rendimiento, impulsen la eficiencia y generen valor sostenible para nuestros clientes, socios y el ecosentorno global.",
      "vision": "Ser reconocidos globalmente como el socio estratégico referente en la transformación de los desafíos actuales en oportunidades de crecimiento y desarrollo sostenible, liderando la innovación y marcando un estándar de excelencia.",
      "valores": "Innovación Constante • Integridad y Transparencia • Excelencia en el Servicio • Responsabilidad Sostenible • Colaboración y Respeto",
      "impacto": "Económico: Fomento del crecimiento sostenible y la competitividad. Social: Promoción del bienestar y desarrollo ético profesional. Ambiental: Minimización de la huella ecológica y eficiencia energética.",
      "ubicacion": "México",
      "direccion": "Av. Siempre Viva 123",
      "logourl": "https://via.placeholder.com/150",
      "galleryimages": "",
      "modo": "produccion",
      "habilitado": true,
      "fecha_creacion": "2026-01-01",
      "tipo_negocio": "proyectos",
      "color_tema": "solar_blue",
      "modo_creditos": "GLOBAL",
      "creditos_totales": 500,
      "fecha_vencimiento": "2026-12-31"
    }
  ],
  "Usuarios": [
    {
      "id_usuario": "god-id-123",
      "id_empresa": "EVASOL",
      "nombre": "DIOS",
      "email": "admin@dios.com",
      "password": "god",
      "rol": "DIOS",
      "nivel_acceso": 999,
      "creditos": 999999,
      "fecha_limite_acceso": "2099-01-01",
      "activo": true
    },
    {
      "id_usuario": "user-id-001",
      "id_empresa": "EVASOL",
      "nombre": "Admin EVASOL",
      "email": "admin@evasol.mx",
      "password": "admin",
      "rol": "ADMIN",
      "nivel_acceso": 10,
      "creditos": 100,
      "fecha_limite_acceso": "2026-12-31",
      "activo": true
    },
    {
      "id_usuario": "user-id-002",
      "id_empresa": "EVASOL",
      "nombre": "Técnico Solar",
      "email": "tecnico@evasol.mx",
      "password": "staff",
      "rol": "STAFF",
      "nivel_acceso": 5,
      "creditos": 6,
      "fecha_limite_acceso": "2026-06-30",
      "activo": true
    }
  ],
  "Prompts": [
    {
      "AgenteAI": "AsistenteVentas",
      "Prompt": "Eres un asesor de energía solar que responde claro y directo.",
      "NivelAcceso": 1,
      "ID_Empresa": "EVASOL",
      "Habilitado": true,
      "RecibeFiles": false
    }
  ],
  "Catalogo": [
    {
      "id_empresa": "EVASOL",
      "id_producto": "prod-001",
      "categoria": "Paneles Solares",
      "nombre": "Panel Monocristalino 550W",
      "descripcion": "Panel de alta eficiencia para uso residencial.",
      "precio": 5500,
      "precio_oferta": 5200,
      "unidad": "pza",
      "es_combo": false,
      "stock": 50,
      "imagen_url": "",
      "activo": true
    }
  ],
  "Leads": [
    {
      "id_lead": "lead-001",
      "id_empresa": "EVASOL",
      "nombre": "Juan Pérez",
      "telefono": "8115555555",
      "email": "juan.perez@email.com",
      "origen": "Web",
      "estado": "NUEVO",
      "fecha_creacion": "2026-01-10"
    }
  ],
  "Clientes": [],
  "Proyectos": [],
  "Logs": []
}